{"cameraMode":{"drawMode":0,"name":"Shaded","section":"Shading Mode"},"sceneLighting":false,"audioPlay":false,"sceneViewState":{"showFog":true,"showMaterialUpdate":false,"showSkybox":false,"showFlares":true,"showImageEffects":true,"showParticleSystems":true},"in2DMode":false,"pivot":{"x":0.02363133430480957,"y":1.4507434368133546,"z":1.2875431776046754},"rotation":{"x":0.07185432314872742,"y":-0.7428675889968872,"z":0.08076374977827072,"w":0.6606930494308472},"size":4.285513401031494,"orthographic":false}