{"cameraMode":{"drawMode":0,"name":"Shaded","section":"Shading Mode"},"sceneLighting":false,"audioPlay":false,"sceneViewState":{"showFog":true,"showMaterialUpdate":false,"showSkybox":false,"showFlares":true,"showImageEffects":true,"showParticleSystems":true},"in2DMode":false,"pivot":{"x":0.02363133430480957,"y":1.4507434368133546,"z":1.2875431776046754},"rotation":{"x":0.35235318541526797,"y":-0.5510928630828857,"z":0.2756584882736206,"w":0.7044214010238648},"size":13.537922859191895,"orthographic":false}