{"cameraMode":{"drawMode":0,"name":"Shaded","section":"Shading Mode"},"sceneLighting":false,"audioPlay":false,"sceneViewState":{"showFog":true,"showMaterialUpdate":false,"showSkybox":false,"showFlares":true,"showImageEffects":true,"showParticleSystems":true},"in2DMode":false,"pivot":{"x":-7.3565449714660648,"y":-5.739932060241699,"z":2.595949172973633},"rotation":{"x":-0.03322874382138252,"y":0.9094709157943726,"z":-0.07411383837461472,"w":-0.4077985882759094},"size":22.267356872558595,"orthographic":false}