{"cameraMode":{"drawMode":0,"name":"Shaded","section":"Shading Mode"},"sceneLighting":false,"audioPlay":false,"sceneViewState":{"showFog":true,"showMaterialUpdate":false,"showSkybox":false,"showFlares":true,"showImageEffects":true,"showParticleSystems":true},"in2DMode":false,"pivot":{"x":-1.488142967224121,"y":-2.8421525955200197,"z":20.078784942626954},"rotation":{"x":-0.12447571754455567,"y":-0.014605245552957058,"z":0.0018136046128347517,"w":-0.9921315908432007},"size":9.033650398254395,"orthographic":false}