{"cameraMode":{"drawMode":0,"name":"Shaded","section":"Shading Mode"},"sceneLighting":true,"audioPlay":false,"sceneViewState":{"showFog":true,"showMaterialUpdate":false,"showSkybox":true,"showFlares":true,"showImageEffects":true,"showParticleSystems":true},"in2DMode":false,"pivot":{"x":-1.4141006469726563,"y":-2.385096549987793,"z":-10.935325622558594},"rotation":{"x":-0.03498343005776405,"y":-0.883643388748169,"z":0.4620702266693115,"w":-0.06691247969865799},"size":12.888516426086426,"orthographic":false}