{"cameraMode":{"drawMode":0,"name":"Shaded","section":"Shading Mode"},"sceneLighting":false,"audioPlay":false,"sceneViewState":{"showFog":true,"showMaterialUpdate":false,"showSkybox":false,"showFlares":true,"showImageEffects":true,"showParticleSystems":true},"in2DMode":false,"pivot":{"x":-0.009128570556640625,"y":1.000000238418579,"z":0.06634026765823364},"rotation":{"x":-0.42540788650512698,"y":0.03717558830976486,"z":-0.01749274879693985,"w":-0.9040693044662476},"size":1.2721929550170899,"orthographic":false}