{"cameraMode":{"drawMode":0,"name":"Shaded","section":"Shading Mode"},"sceneLighting":true,"audioPlay":false,"sceneViewState":{"showFog":true,"showMaterialUpdate":false,"showSkybox":true,"showFlares":true,"showImageEffects":true,"showParticleSystems":true},"in2DMode":false,"pivot":{"x":9.916933059692383,"y":15.76089859008789,"z":-15.919509887695313},"rotation":{"x":-0.06457044184207916,"y":0.7018962502479553,"z":0.06421738117933274,"w":0.7064993381500244},"size":20.9805965423584,"orthographic":false}