{"cameraMode":{"drawMode":0,"name":"Shaded","section":"Shading Mode"},"sceneLighting":false,"audioPlay":false,"sceneViewState":{"showFog":true,"showMaterialUpdate":false,"showSkybox":false,"showFlares":true,"showImageEffects":true,"showParticleSystems":true},"in2DMode":false,"pivot":{"x":0.02363133430480957,"y":1.4507434368133546,"z":1.2875431776046754},"rotation":{"x":0.1081489697098732,"y":-0.6608254909515381,"z":0.09703168272972107,"w":0.7363768815994263},"size":2.0406246185302736,"orthographic":false}