{"cameraMode":{"drawMode":0,"name":"Shaded","section":"Shading Mode"},"sceneLighting":false,"audioPlay":false,"sceneViewState":{"showFog":true,"showMaterialUpdate":false,"showSkybox":false,"showFlares":true,"showImageEffects":true,"showParticleSystems":true},"in2DMode":false,"pivot":{"x":-0.10694289207458496,"y":11.73281478881836,"z":-9.000001907348633},"rotation":{"x":0.2326660454273224,"y":0.6448249220848084,"z":-0.21566803753376008,"w":0.6954464316368103},"size":0.4330126941204071,"orthographic":false}