{"cameraMode":{"drawMode":0,"name":"Shaded","section":"Shading Mode"},"sceneLighting":false,"audioPlay":false,"sceneViewState":{"showFog":true,"showMaterialUpdate":false,"showSkybox":false,"showFlares":true,"showImageEffects":true,"showParticleSystems":true},"in2DMode":false,"pivot":{"x":-2.878241539001465,"y":-1.1923842430114747,"z":3.283726692199707},"rotation":{"x":0.23145358264446259,"y":-0.26949307322502139,"z":0.06690714508295059,"w":0.9324333071708679},"size":15.464765548706055,"orthographic":false}