{"cameraMode":{"drawMode":0,"name":"Shaded","section":"Shading Mode"},"sceneLighting":true,"audioPlay":false,"sceneViewState":{"showFog":true,"showMaterialUpdate":false,"showSkybox":true,"showFlares":true,"showImageEffects":true,"showParticleSystems":true},"in2DMode":false,"pivot":{"x":-8.935056686401368,"y":5.664816856384277,"z":-5.148077964782715},"rotation":{"x":0.22030390799045564,"y":0.11879604309797287,"z":-0.02704932913184166,"w":0.9678457379341126},"size":16.528188705444337,"orthographic":false}