{"cameraMode":{"drawMode":0,"name":"Shaded","section":"Shading Mode"},"sceneLighting":false,"audioPlay":false,"sceneViewState":{"showFog":true,"showMaterialUpdate":false,"showSkybox":false,"showFlares":true,"showImageEffects":true,"showParticleSystems":true},"in2DMode":false,"pivot":{"x":-0.1090613603591919,"y":1.097663402557373,"z":0.424946665763855},"rotation":{"x":0.11972518265247345,"y":-0.8394325971603394,"z":0.20569835603237153,"w":0.4885809123516083},"size":2.3333323001861574,"orthographic":false}