{"cameraMode":{"drawMode":0,"name":"Shaded","section":"Shading Mode"},"sceneLighting":true,"audioPlay":false,"sceneViewState":{"showFog":true,"showMaterialUpdate":true,"showSkybox":true,"showFlares":true,"showImageEffects":true,"showParticleSystems":true},"in2DMode":false,"pivot":{"x":-1.9344075918197632,"y":-4.06389045715332,"z":-16.836851119995118},"rotation":{"x":0.038490552455186847,"y":0.8678731322288513,"z":-0.4905926287174225,"w":0.06809042394161225},"size":25.242233276367189,"orthographic":false}